{
  "mode": "tower-atomic",
  "peer": "10.13.37.5:7700",
  "timestamp": "2026-07-24T09:41:31.284152407+00:00",
  "latency": {
    "probes_sent": 20,
    "probes_ok": 20,
    "min_ms": 131.213993,
    "avg_ms": 136.71977585000002,
    "max_ms": 146.54083200000002,
    "p50_ms": 136.33573900000002,
    "p95_ms": 142.513819,
    "p99_ms": 146.54083200000002,
    "jitter_ms": 0.8066757368421071
  },
  "setup": {
    "attempts": 10,
    "min_ms": 63.92782499999999,
    "avg_ms": 68.0383514,
    "max_ms": 75.261429
  },
  "throughput": {
    "duration_ms": 77,
    "bytes_sent": 65536,
    "throughput_mbps": 6.799063442912633
  }
}
