{
  "mode": "tower-atomic",
  "peer": "10.13.37.5:7700",
  "timestamp": "2026-07-24T04:40:17.000830907+00:00",
  "latency": {
    "probes_sent": 20,
    "probes_ok": 20,
    "min_ms": 129.27191,
    "avg_ms": 135.41234469999998,
    "max_ms": 145.314198,
    "p50_ms": 135.427774,
    "p95_ms": 139.16219099999998,
    "p99_ms": 145.314198,
    "jitter_ms": 0.8443309473684217
  },
  "setup": {
    "attempts": 10,
    "min_ms": 63.397625,
    "avg_ms": 67.18010469999999,
    "max_ms": 69.363227
  },
  "throughput": {
    "duration_ms": 77,
    "bytes_sent": 65536,
    "throughput_mbps": 6.743617177171973
  }
}
