{
  "mode": "tower-atomic",
  "peer": "10.13.37.5:7700",
  "timestamp": "2026-07-24T05:40:18.381548147+00:00",
  "latency": {
    "probes_sent": 20,
    "probes_ok": 20,
    "min_ms": 130.31783199999998,
    "avg_ms": 135.12449464999997,
    "max_ms": 147.957697,
    "p50_ms": 134.489251,
    "p95_ms": 138.695287,
    "p99_ms": 147.957697,
    "jitter_ms": 0.9284139473684219
  },
  "setup": {
    "attempts": 10,
    "min_ms": 66.91154200000001,
    "avg_ms": 71.04019420000002,
    "max_ms": 81.86258600000001
  },
  "throughput": {
    "duration_ms": 77,
    "bytes_sent": 65536,
    "throughput_mbps": 6.73142048510194
  }
}
