{
  "mode": "tower-atomic",
  "peer": "10.13.37.2:7700",
  "timestamp": "2026-07-24T12:43:18.624133246+00:00",
  "latency": {
    "probes_sent": 20,
    "probes_ok": 20,
    "min_ms": 129.89165699999998,
    "avg_ms": 134.17694365,
    "max_ms": 137.468988,
    "p50_ms": 133.635431,
    "p95_ms": 137.287783,
    "p99_ms": 137.468988,
    "jitter_ms": 0.3988068947368429
  },
  "setup": {
    "attempts": 10,
    "min_ms": 61.905469999999994,
    "avg_ms": 67.55839080000001,
    "max_ms": 71.804883
  },
  "throughput": {
    "duration_ms": 76,
    "bytes_sent": 65536,
    "throughput_mbps": 6.815414488340317
  }
}
