{
  "mode": "tower-atomic",
  "peer": "10.13.37.5:7700",
  "timestamp": "2026-07-24T11:42:42.263281525+00:00",
  "latency": {
    "probes_sent": 20,
    "probes_ok": 20,
    "min_ms": 131.15895799999998,
    "avg_ms": 135.49595169999998,
    "max_ms": 149.83998200000002,
    "p50_ms": 135.21338699999998,
    "p95_ms": 143.013641,
    "p99_ms": 149.83998200000002,
    "jitter_ms": 0.9832117894736861
  },
  "setup": {
    "attempts": 10,
    "min_ms": 64.980791,
    "avg_ms": 67.97278580000001,
    "max_ms": 71.416919
  },
  "throughput": {
    "duration_ms": 142,
    "bytes_sent": 65536,
    "throughput_mbps": 3.670054994334315
  }
}
