{
  "mode": "tower-atomic",
  "peer": "10.13.37.5:7700",
  "timestamp": "2026-07-24T02:39:18.663521940+00:00",
  "latency": {
    "probes_sent": 20,
    "probes_ok": 20,
    "min_ms": 128.059325,
    "avg_ms": 135.66261734999998,
    "max_ms": 150.923479,
    "p50_ms": 134.847517,
    "p95_ms": 142.60979200000003,
    "p99_ms": 150.923479,
    "jitter_ms": 1.2033765263157887
  },
  "setup": {
    "attempts": 10,
    "min_ms": 62.737557,
    "avg_ms": 68.27608330000001,
    "max_ms": 83.001679
  },
  "throughput": {
    "duration_ms": 74,
    "bytes_sent": 65536,
    "throughput_mbps": 7.021512448577427
  }
}
