{
  "mode": "tower-atomic",
  "peer": "10.13.37.1:7700",
  "timestamp": "2026-07-23T22:37:42.357210625+00:00",
  "latency": {
    "probes_sent": 20,
    "probes_ok": 20,
    "min_ms": 50.329525,
    "avg_ms": 57.33550925000001,
    "max_ms": 75.142781,
    "p50_ms": 56.191053999999994,
    "p95_ms": 60.015223999999996,
    "p99_ms": 75.142781,
    "jitter_ms": 1.3059608421052633
  },
  "setup": {
    "attempts": 10,
    "min_ms": 24.942097,
    "avg_ms": 28.4729314,
    "max_ms": 30.279784
  },
  "throughput": {
    "duration_ms": 35,
    "bytes_sent": 65536,
    "throughput_mbps": 14.632666860526726
  }
}
