{
  "mode": "tower-atomic",
  "peer": "10.13.37.5:7700",
  "timestamp": "2026-07-24T08:41:03.289409683+00:00",
  "latency": {
    "probes_sent": 20,
    "probes_ok": 20,
    "min_ms": 128.711724,
    "avg_ms": 138.68295875000004,
    "max_ms": 151.384829,
    "p50_ms": 138.152317,
    "p95_ms": 150.82549500000002,
    "p99_ms": 151.384829,
    "jitter_ms": 1.1933213157894733
  },
  "setup": {
    "attempts": 10,
    "min_ms": 65.701746,
    "avg_ms": 68.0256471,
    "max_ms": 70.65784699999999
  },
  "throughput": {
    "duration_ms": 77,
    "bytes_sent": 65536,
    "throughput_mbps": 6.722194227753178
  }
}
