{
  "mode": "tower-atomic",
  "peer": "192.168.4.244:7700",
  "timestamp": "2026-07-24T12:47:06.398748585+00:00",
  "latency": {
    "probes_sent": 100,
    "probes_ok": 100,
    "min_ms": 0.38850799999999996,
    "avg_ms": 0.6229062599999999,
    "max_ms": 0.887563,
    "p50_ms": 0.638386,
    "p95_ms": 0.744125,
    "p99_ms": 0.848701,
    "jitter_ms": 0.005040959595959596
  },
  "setup": {
    "attempts": 10,
    "min_ms": 0.237094,
    "avg_ms": 0.30599449999999995,
    "max_ms": 0.350227
  },
  "throughput": {
    "duration_ms": 0,
    "bytes_sent": 196608,
    "throughput_mbps": 3623.910198514368
  }
}
