{
  "mode": "tower-atomic",
  "peer": "10.13.37.1:7700",
  "timestamp": "2026-07-24T13:04:36.968487071+00:00",
  "latency": {
    "probes_sent": 20,
    "probes_ok": 20,
    "min_ms": 76.244372,
    "avg_ms": 77.7132836,
    "max_ms": 82.33961500000001,
    "p50_ms": 77.28125600000001,
    "p95_ms": 80.363685,
    "p99_ms": 82.33961500000001,
    "jitter_ms": 0.3208022631578953
  },
  "setup": {
    "attempts": 10,
    "min_ms": 37.839287,
    "avg_ms": 39.583435099999996,
    "max_ms": 41.353279
  },
  "throughput": {
    "duration_us": 39227,
    "duration_ms": 39.227583,
    "bytes_sent": 65536,
    "throughput_mbps": 13.36528941892749
  }
}
