{
  "mode": "tower-atomic",
  "peer": "10.13.37.5:7700",
  "timestamp": "2026-07-23T21:37:33.519381898+00:00",
  "latency": {
    "probes_sent": 20,
    "probes_ok": 20,
    "min_ms": 129.43742799999998,
    "avg_ms": 134.76696929999997,
    "max_ms": 142.33052099999998,
    "p50_ms": 134.816005,
    "p95_ms": 140.692984,
    "p99_ms": 142.33052099999998,
    "jitter_ms": 0.6785838421052628
  },
  "setup": {
    "attempts": 10,
    "min_ms": 60.459295000000004,
    "avg_ms": 68.2648556,
    "max_ms": 73.854078
  },
  "throughput": {
    "duration_ms": 77,
    "bytes_sent": 65536,
    "throughput_mbps": 6.782789964180409
  }
}
