{
  "mode": "tower-atomic",
  "peer": "10.13.37.2:7700",
  "timestamp": "2026-07-24T02:39:09.700466160+00:00",
  "latency": {
    "probes_sent": 20,
    "probes_ok": 20,
    "min_ms": 123.97908100000001,
    "avg_ms": 138.56587369999997,
    "max_ms": 145.126476,
    "p50_ms": 139.34533499999998,
    "p95_ms": 144.95631,
    "p99_ms": 145.126476,
    "jitter_ms": 1.1130207894736837
  },
  "setup": {
    "attempts": 10,
    "min_ms": 61.927338999999996,
    "avg_ms": 68.4871302,
    "max_ms": 76.72388199999999
  },
  "throughput": {
    "duration_ms": 71,
    "bytes_sent": 65536,
    "throughput_mbps": 7.325614048756257
  }
}
