{
  "mode": "tower-atomic",
  "peer": "10.13.37.1:7700",
  "timestamp": "2026-07-23T20:44:37.665580267+00:00",
  "latency": {
    "probes_sent": 20,
    "probes_ok": 20,
    "min_ms": 52.380682,
    "avg_ms": 59.6598653,
    "max_ms": 73.550012,
    "p50_ms": 59.002629,
    "p95_ms": 68.743028,
    "p99_ms": 73.550012,
    "jitter_ms": 1.1141752631578945
  },
  "setup": {
    "attempts": 10,
    "min_ms": 27.196067,
    "avg_ms": 29.7403056,
    "max_ms": 35.104914
  },
  "throughput": {
    "duration_ms": 36,
    "bytes_sent": 65536,
    "throughput_mbps": 14.39515582447019
  }
}
