{
  "mode": "tower-atomic",
  "peer": "192.168.4.244:7700",
  "timestamp": "2026-07-24T12:54:02.643077502+00:00",
  "latency": {
    "probes_sent": 50,
    "probes_ok": 50,
    "min_ms": 0.423985,
    "avg_ms": 0.5801104000000001,
    "max_ms": 0.8318180000000001,
    "p50_ms": 0.566952,
    "p95_ms": 0.780573,
    "p99_ms": 0.8318180000000001,
    "jitter_ms": 0.008323122448979594
  },
  "setup": {
    "attempts": 10,
    "min_ms": 0.19362200000000002,
    "avg_ms": 0.2826746,
    "max_ms": 0.387426
  },
  "throughput": {
    "duration_us": 475,
    "duration_ms": 0.475341,
    "bytes_sent": 262144,
    "throughput_mbps": 4411.889569803572
  }
}
