{
  "mode": "tower-atomic",
  "peer": "10.13.37.2:7700",
  "timestamp": "2026-07-24T09:41:22.344763195+00:00",
  "latency": {
    "probes_sent": 20,
    "probes_ok": 20,
    "min_ms": 132.38449899999998,
    "avg_ms": 135.02231200000003,
    "max_ms": 138.156182,
    "p50_ms": 134.65842899999998,
    "p95_ms": 138.086314,
    "p99_ms": 138.156182,
    "jitter_ms": 0.30377278947368547
  },
  "setup": {
    "attempts": 10,
    "min_ms": 64.392855,
    "avg_ms": 66.1761077,
    "max_ms": 68.97892
  },
  "throughput": {
    "duration_ms": 77,
    "bytes_sent": 65536,
    "throughput_mbps": 6.787079523000435
  }
}
