{
  "mode": "tower-atomic",
  "peer": "10.13.37.5:7700",
  "timestamp": "2026-07-23T22:37:58.200815421+00:00",
  "latency": {
    "probes_sent": 20,
    "probes_ok": 20,
    "min_ms": 132.59523000000002,
    "avg_ms": 135.45261589999998,
    "max_ms": 139.577845,
    "p50_ms": 136.122126,
    "p95_ms": 137.79854699999999,
    "p99_ms": 139.577845,
    "jitter_ms": 0.367506052631578
  },
  "setup": {
    "attempts": 10,
    "min_ms": 61.607762,
    "avg_ms": 68.30536749999999,
    "max_ms": 70.95660600000001
  },
  "throughput": {
    "duration_ms": 77,
    "bytes_sent": 65536,
    "throughput_mbps": 6.761158785199194
  }
}
