{
  "mode": "tower-atomic",
  "peer": "10.13.37.5:7700",
  "timestamp": "2026-07-24T07:40:50.542339926+00:00",
  "latency": {
    "probes_sent": 20,
    "probes_ok": 20,
    "min_ms": 132.73940100000002,
    "avg_ms": 136.0277117,
    "max_ms": 140.30032500000002,
    "p50_ms": 136.609863,
    "p95_ms": 139.750734,
    "p99_ms": 140.30032500000002,
    "jitter_ms": 0.39794336842105266
  },
  "setup": {
    "attempts": 10,
    "min_ms": 65.796582,
    "avg_ms": 68.1802123,
    "max_ms": 71.173258
  },
  "throughput": {
    "duration_ms": 77,
    "bytes_sent": 65536,
    "throughput_mbps": 6.763416917732392
  }
}
