{
  "mode": "tower-atomic",
  "peer": "10.13.37.5:7700",
  "timestamp": "2026-07-23T22:44:51.418581125+00:00",
  "latency": {
    "probes_sent": 20,
    "probes_ok": 20,
    "min_ms": 150.527419,
    "avg_ms": 153.69325940000002,
    "max_ms": 157.07711799999998,
    "p50_ms": 154.281386,
    "p95_ms": 156.416269,
    "p99_ms": 157.07711799999998,
    "jitter_ms": 0.3447209999999987
  },
  "setup": {
    "attempts": 10,
    "min_ms": 75.128045,
    "avg_ms": 76.3873959,
    "max_ms": 77.164232
  },
  "throughput": {
    "duration_ms": 80,
    "bytes_sent": 65536,
    "throughput_mbps": 6.473231593155183
  }
}
