{
  "mode": "tower-atomic",
  "peer": "10.13.37.5:7700",
  "timestamp": "2026-07-23T23:38:19.788556096+00:00",
  "latency": {
    "probes_sent": 20,
    "probes_ok": 20,
    "min_ms": 131.359016,
    "avg_ms": 135.73244985000002,
    "max_ms": 145.7919,
    "p50_ms": 134.550083,
    "p95_ms": 143.31405999999998,
    "p99_ms": 145.7919,
    "jitter_ms": 0.7596254736842106
  },
  "setup": {
    "attempts": 10,
    "min_ms": 62.191064999999995,
    "avg_ms": 66.4704268,
    "max_ms": 69.527512
  },
  "throughput": {
    "duration_ms": 75,
    "bytes_sent": 65536,
    "throughput_mbps": 6.944836495891484
  }
}
