{
  "mode": "tower-atomic",
  "peer": "10.13.37.1:7700",
  "timestamp": "2026-07-24T02:39:02.613849640+00:00",
  "latency": {
    "probes_sent": 20,
    "probes_ok": 20,
    "min_ms": 50.753226999999995,
    "avg_ms": 62.21410075,
    "max_ms": 73.476282,
    "p50_ms": 61.875397,
    "p95_ms": 69.544611,
    "p99_ms": 73.476282,
    "jitter_ms": 1.1959502631578949
  },
  "setup": {
    "attempts": 10,
    "min_ms": 26.704083999999998,
    "avg_ms": 31.870730200000004,
    "max_ms": 36.968408000000004
  },
  "throughput": {
    "duration_ms": 34,
    "bytes_sent": 65536,
    "throughput_mbps": 15.0221332977661
  }
}
