{
  "mode": "tower-atomic",
  "peer": "10.13.37.2:7700",
  "timestamp": "2026-07-24T04:40:08.120597937+00:00",
  "latency": {
    "probes_sent": 20,
    "probes_ok": 20,
    "min_ms": 127.233668,
    "avg_ms": 134.23799485,
    "max_ms": 139.425713,
    "p50_ms": 134.663206,
    "p95_ms": 136.826459,
    "p99_ms": 139.425713,
    "jitter_ms": 0.6416865789473688
  },
  "setup": {
    "attempts": 10,
    "min_ms": 63.93871299999999,
    "avg_ms": 426.02897679999995,
    "max_ms": 1245.2716349999998
  },
  "throughput": {
    "duration_ms": 77,
    "bytes_sent": 65536,
    "throughput_mbps": 6.784115861634978
  }
}
