{
  "mode": "tower-atomic",
  "peer": "10.13.37.2:7700",
  "timestamp": "2026-07-24T13:04:44.867464130+00:00",
  "latency": {
    "probes_sent": 20,
    "probes_ok": 20,
    "min_ms": 151.717398,
    "avg_ms": 154.07612420000004,
    "max_ms": 155.89804700000002,
    "p50_ms": 154.28707,
    "p95_ms": 155.81577399999998,
    "p99_ms": 155.89804700000002,
    "jitter_ms": 0.2200341578947377
  },
  "setup": {
    "attempts": 10,
    "min_ms": 73.76655,
    "avg_ms": 76.86672680000001,
    "max_ms": 78.533077
  },
  "throughput": {
    "duration_us": 77753,
    "duration_ms": 77.753936,
    "bytes_sent": 65536,
    "throughput_mbps": 6.742912667469335
  }
}
