{
  "mode": "tower-atomic",
  "peer": "10.13.37.1:7700",
  "timestamp": "2026-07-24T07:40:34.747273570+00:00",
  "latency": {
    "probes_sent": 20,
    "probes_ok": 20,
    "min_ms": 54.317928,
    "avg_ms": 58.08101015000001,
    "max_ms": 68.82021200000001,
    "p50_ms": 58.589942,
    "p95_ms": 65.101288,
    "p99_ms": 68.82021200000001,
    "jitter_ms": 0.7632781052631584
  },
  "setup": {
    "attempts": 10,
    "min_ms": 24.918954,
    "avg_ms": 29.448210800000005,
    "max_ms": 31.522914999999998
  },
  "throughput": {
    "duration_ms": 39,
    "bytes_sent": 65536,
    "throughput_mbps": 13.237811529344858
  }
}
