{
  "mode": "tower-atomic",
  "peer": "10.13.37.6:7700",
  "timestamp": "2026-07-24T13:04:56.288893420+00:00",
  "latency": {
    "probes_sent": 20,
    "probes_ok": 20,
    "min_ms": 131.31927299999998,
    "avg_ms": 135.93402425000002,
    "max_ms": 144.22818600000002,
    "p50_ms": 136.00641299999998,
    "p95_ms": 142.03918099999999,
    "p99_ms": 144.22818600000002,
    "jitter_ms": 0.6794164736842127
  },
  "setup": {
    "attempts": 10,
    "min_ms": 65.355053,
    "avg_ms": 69.09473499999999,
    "max_ms": 73.653717
  },
  "throughput": {
    "duration_us": 143545,
    "duration_ms": 143.545118,
    "bytes_sent": 65536,
    "throughput_mbps": 3.652426549260979
  }
}
