{
  "mode": "tower-atomic",
  "peer": "10.13.37.5:7700",
  "timestamp": "2026-07-23T15:43:55.538998635+00:00",
  "latency": {
    "probes_sent": 5,
    "probes_ok": 5,
    "min_ms": 153.44206599999998,
    "avg_ms": 154.20446220000002,
    "max_ms": 155.54996500000001,
    "p50_ms": 154.156745,
    "p95_ms": 155.54996500000001,
    "p99_ms": 155.54996500000001,
    "jitter_ms": 0.5269747500000079
  },
  "setup": {
    "attempts": 10,
    "min_ms": 76.378751,
    "avg_ms": 77.0952469,
    "max_ms": 77.701791
  },
  "throughput": {
    "duration_ms": 77,
    "bytes_sent": 65536,
    "throughput_mbps": 6.8063335428246905
  }
}
