{
  "mode": "tower-atomic",
  "peer": "10.13.37.2:7700",
  "timestamp": "2026-07-24T01:38:42.520016388+00:00",
  "latency": {
    "probes_sent": 20,
    "probes_ok": 20,
    "min_ms": 127.89814499999999,
    "avg_ms": 135.19301234999998,
    "max_ms": 142.660337,
    "p50_ms": 135.078202,
    "p95_ms": 141.924644,
    "p99_ms": 142.660337,
    "jitter_ms": 0.7769574736842112
  },
  "setup": {
    "attempts": 10,
    "min_ms": 62.94114100000001,
    "avg_ms": 66.6196495,
    "max_ms": 71.59994499999999
  },
  "throughput": {
    "duration_ms": 74,
    "bytes_sent": 65536,
    "throughput_mbps": 7.008017740755849
  }
}
