{
  "mode": "tower-atomic",
  "peer": "10.13.37.1:7700",
  "timestamp": "2026-07-24T09:41:15.350591915+00:00",
  "latency": {
    "probes_sent": 20,
    "probes_ok": 20,
    "min_ms": 54.326843,
    "avg_ms": 56.875353800000006,
    "max_ms": 59.882909,
    "p50_ms": 56.404523,
    "p95_ms": 59.535576999999996,
    "p99_ms": 59.882909,
    "jitter_ms": 0.2924245263157895
  },
  "setup": {
    "attempts": 10,
    "min_ms": 28.235085,
    "avg_ms": 29.8852513,
    "max_ms": 32.177716000000004
  },
  "throughput": {
    "duration_ms": 32,
    "bytes_sent": 65536,
    "throughput_mbps": 16.19753498954628
  }
}
