{
  "mode": "tower-atomic",
  "peer": "192.168.4.244:7700",
  "timestamp": "2026-07-23T20:39:13.040500088+00:00",
  "latency": {
    "probes_sent": 20,
    "probes_ok": 20,
    "min_ms": 0.46742700000000004,
    "avg_ms": 0.6065420499999999,
    "max_ms": 0.8164100000000001,
    "p50_ms": 0.609824,
    "p95_ms": 0.771797,
    "p99_ms": 0.8164100000000001,
    "jitter_ms": 0.018367526315789477
  },
  "setup": {
    "attempts": 10,
    "min_ms": 0.229991,
    "avg_ms": 0.287102,
    "max_ms": 0.368471
  },
  "throughput": {
    "duration_ms": 0,
    "bytes_sent": 196608,
    "throughput_mbps": 3775.559241558267
  }
}
