{
  "mode": "tower-atomic",
  "peer": "10.13.37.2:7700",
  "timestamp": "2026-07-24T08:40:54.302439355+00:00",
  "latency": {
    "probes_sent": 20,
    "probes_ok": 20,
    "min_ms": 128.88613099999998,
    "avg_ms": 134.38809315,
    "max_ms": 140.818423,
    "p50_ms": 134.418242,
    "p95_ms": 138.499042,
    "p99_ms": 140.818423,
    "jitter_ms": 0.6280153684210535
  },
  "setup": {
    "attempts": 10,
    "min_ms": 63.668108000000004,
    "avg_ms": 67.91256189999999,
    "max_ms": 80.68504
  },
  "throughput": {
    "duration_ms": 77,
    "bytes_sent": 65536,
    "throughput_mbps": 6.7793021190724065
  }
}
