{
  "mode": "tower-atomic",
  "peer": "192.168.4.3:7700",
  "timestamp": "2026-07-24T13:04:50.772790388+00:00",
  "latency": {
    "probes_sent": 20,
    "probes_ok": 20,
    "min_ms": 0.343612,
    "avg_ms": 0.54569025,
    "max_ms": 0.7051839999999999,
    "p50_ms": 0.5672200000000001,
    "p95_ms": 0.687702,
    "p99_ms": 0.7051839999999999,
    "jitter_ms": 0.019030105263157893
  },
  "setup": {
    "attempts": 10,
    "min_ms": 0.15813,
    "avg_ms": 0.338158,
    "max_ms": 0.46806099999999995
  },
  "throughput": {
    "duration_us": 282,
    "duration_ms": 0.28226999999999997,
    "bytes_sent": 196608,
    "throughput_mbps": 5572.196832819641
  }
}
