{
  "mode": "tower-atomic",
  "peer": "10.13.37.1:7700",
  "timestamp": "2026-07-24T10:41:47.085858554+00:00",
  "latency": {
    "probes_sent": 20,
    "probes_ok": 20,
    "min_ms": 54.573437000000006,
    "avg_ms": 59.70356549999999,
    "max_ms": 76.980562,
    "p50_ms": 59.44762,
    "p95_ms": 67.41016699999999,
    "p99_ms": 76.980562,
    "jitter_ms": 1.1793223684210528
  },
  "setup": {
    "attempts": 10,
    "min_ms": 27.953311000000003,
    "avg_ms": 29.782471000000005,
    "max_ms": 30.775754999999997
  },
  "throughput": {
    "duration_ms": 36,
    "bytes_sent": 65536,
    "throughput_mbps": 14.260757292104447
  }
}
