{
  "mode": "tower-atomic",
  "peer": "10.13.37.5:7700",
  "timestamp": "2026-07-24T10:42:03.063670353+00:00",
  "latency": {
    "probes_sent": 20,
    "probes_ok": 20,
    "min_ms": 132.618036,
    "avg_ms": 139.22551549999997,
    "max_ms": 168.35469899999998,
    "p50_ms": 137.506753,
    "p95_ms": 146.201991,
    "p99_ms": 168.35469899999998,
    "jitter_ms": 1.8808769999999997
  },
  "setup": {
    "attempts": 10,
    "min_ms": 64.73163,
    "avg_ms": 69.1682756,
    "max_ms": 72.874114
  },
  "throughput": {
    "duration_ms": 82,
    "bytes_sent": 65536,
    "throughput_mbps": 6.36753157407878
  }
}
