{
  "mode": "tower-atomic",
  "peer": "10.13.37.1:7700",
  "timestamp": "2026-07-24T03:39:28.335289009+00:00",
  "latency": {
    "probes_sent": 20,
    "probes_ok": 20,
    "min_ms": 50.267604,
    "avg_ms": 56.386082699999996,
    "max_ms": 62.638341,
    "p50_ms": 55.851645999999995,
    "p95_ms": 62.222933,
    "p99_ms": 62.638341,
    "jitter_ms": 0.6510914210526315
  },
  "setup": {
    "attempts": 10,
    "min_ms": 24.80003,
    "avg_ms": 29.0653185,
    "max_ms": 31.529711000000002
  },
  "throughput": {
    "duration_ms": 39,
    "bytes_sent": 65536,
    "throughput_mbps": 13.239856744653054
  }
}
