{
  "mode": "tower-atomic",
  "peer": "10.13.37.2:7700",
  "timestamp": "2026-07-24T10:41:54.027288518+00:00",
  "latency": {
    "probes_sent": 20,
    "probes_ok": 20,
    "min_ms": 129.035501,
    "avg_ms": 134.96398085000004,
    "max_ms": 142.078288,
    "p50_ms": 135.801116,
    "p95_ms": 139.27103599999998,
    "p99_ms": 142.078288,
    "jitter_ms": 0.6864624736842092
  },
  "setup": {
    "attempts": 10,
    "min_ms": 65.559629,
    "avg_ms": 67.58223370000002,
    "max_ms": 70.243523
  },
  "throughput": {
    "duration_ms": 77,
    "bytes_sent": 65536,
    "throughput_mbps": 6.743434509160304
  }
}
