{
  "mode": "tower-atomic",
  "peer": "10.13.37.2:7700",
  "timestamp": "2026-07-23T20:44:44.654959540+00:00",
  "latency": {
    "probes_sent": 20,
    "probes_ok": 20,
    "min_ms": 129.307792,
    "avg_ms": 137.0369989,
    "max_ms": 149.80051799999998,
    "p50_ms": 136.499007,
    "p95_ms": 147.629502,
    "p99_ms": 149.80051799999998,
    "jitter_ms": 1.0785645263157881
  },
  "setup": {
    "attempts": 10,
    "min_ms": 61.908801,
    "avg_ms": 68.203805,
    "max_ms": 72.80476800000001
  },
  "throughput": {
    "duration_ms": 76,
    "bytes_sent": 65536,
    "throughput_mbps": 6.891161115327949
  }
}
