{
  "mode": "wireguard",
  "peer": "192.168.4.244:7700",
  "timestamp": "2026-07-24T12:54:04.255860397+00:00",
  "latency": {
    "probes_sent": 50,
    "probes_ok": 50,
    "min_ms": 0.35735999999999996,
    "avg_ms": 0.7039252,
    "max_ms": 4.244033,
    "p50_ms": 0.587982,
    "p95_ms": 0.901048,
    "p99_ms": 4.244033,
    "jitter_ms": 0.07931985714285715
  },
  "setup": {
    "attempts": 10,
    "min_ms": 0.21229800000000001,
    "avg_ms": 0.2624098,
    "max_ms": 0.32240399999999997
  },
  "throughput": {
    "duration_us": 1172,
    "duration_ms": 1.1722869999999999,
    "bytes_sent": 917504,
    "throughput_mbps": 6261.292669798437
  }
}
