{
  "mode": "wireguard",
  "peer": "10.13.37.1:7700",
  "timestamp": "2026-07-24T07:40:37.190835944+00:00",
  "latency": {
    "probes_sent": 20,
    "probes_ok": 20,
    "min_ms": 51.852209,
    "avg_ms": 56.8026883,
    "max_ms": 59.839513,
    "p50_ms": 56.821453,
    "p95_ms": 59.266469,
    "p99_ms": 59.839513,
    "jitter_ms": 0.4203844210526313
  },
  "setup": {
    "attempts": 10,
    "min_ms": 25.064821000000002,
    "avg_ms": 28.5651341,
    "max_ms": 30.814745000000002
  },
  "throughput": {
    "duration_ms": 37,
    "bytes_sent": 65536,
    "throughput_mbps": 14.133118095997094
  }
}
