{
  "mode": "wireguard",
  "peer": "10.13.37.5:7700",
  "timestamp": "2026-07-24T02:39:23.153115240+00:00",
  "latency": {
    "probes_sent": 20,
    "probes_ok": 20,
    "min_ms": 124.52255,
    "avg_ms": 135.1683198,
    "max_ms": 146.05675100000002,
    "p50_ms": 136.47183500000003,
    "p95_ms": 145.254813,
    "p99_ms": 146.05675100000002,
    "jitter_ms": 1.1333790000000012
  },
  "setup": {
    "attempts": 10,
    "min_ms": 61.671211,
    "avg_ms": 69.4435338,
    "max_ms": 77.20818
  },
  "throughput": {
    "duration_ms": 71,
    "bytes_sent": 65536,
    "throughput_mbps": 7.378602152273374
  }
}
