{
  "mode": "wireguard",
  "peer": "10.13.37.2:7700",
  "timestamp": "2026-07-24T01:38:46.931342758+00:00",
  "latency": {
    "probes_sent": 20,
    "probes_ok": 20,
    "min_ms": 126.57125699999999,
    "avg_ms": 133.35921059999998,
    "max_ms": 144.019557,
    "p50_ms": 133.00737900000001,
    "p95_ms": 137.50053400000002,
    "p99_ms": 144.019557,
    "jitter_ms": 0.9183315789473686
  },
  "setup": {
    "attempts": 10,
    "min_ms": 58.888728,
    "avg_ms": 66.0377851,
    "max_ms": 69.21828500000001
  },
  "throughput": {
    "duration_ms": 71,
    "bytes_sent": 65536,
    "throughput_mbps": 7.379495104585941
  }
}
