{
  "mode": "wireguard",
  "peer": "10.13.37.2:7700",
  "timestamp": "2026-07-23T20:44:22.218452990+00:00",
  "latency": {
    "probes_sent": 20,
    "probes_ok": 20,
    "min_ms": 130.221232,
    "avg_ms": 136.9679435,
    "max_ms": 146.03681600000002,
    "p50_ms": 136.403334,
    "p95_ms": 143.057448,
    "p99_ms": 146.03681600000002,
    "jitter_ms": 0.8323991578947384
  },
  "setup": {
    "attempts": 10,
    "min_ms": 64.009991,
    "avg_ms": 67.7323843,
    "max_ms": 76.838761
  },
  "throughput": {
    "duration_ms": 77,
    "bytes_sent": 65536,
    "throughput_mbps": 6.797857999466868
  }
}
