{
  "mode": "wireguard",
  "peer": "10.13.37.6:7700",
  "timestamp": "2026-07-24T13:05:00.862236362+00:00",
  "latency": {
    "probes_sent": 20,
    "probes_ok": 20,
    "min_ms": 127.653011,
    "avg_ms": 136.77844155000003,
    "max_ms": 149.64846500000002,
    "p50_ms": 135.553695,
    "p95_ms": 146.276951,
    "p99_ms": 149.64846500000002,
    "jitter_ms": 1.157655473684211
  },
  "setup": {
    "attempts": 10,
    "min_ms": 65.069749,
    "avg_ms": 67.9215657,
    "max_ms": 74.292429
  },
  "throughput": {
    "duration_us": 143179,
    "duration_ms": 143.179573,
    "bytes_sent": 65536,
    "throughput_mbps": 3.6617513868406353
  }
}
