{
  "mode": "wireguard",
  "peer": "10.13.37.2:7700",
  "timestamp": "2026-07-24T03:39:39.720378586+00:00",
  "latency": {
    "probes_sent": 20,
    "probes_ok": 20,
    "min_ms": 130.167911,
    "avg_ms": 135.16048655,
    "max_ms": 143.109466,
    "p50_ms": 135.042414,
    "p95_ms": 142.362562,
    "p99_ms": 143.109466,
    "jitter_ms": 0.6811344736842102
  },
  "setup": {
    "attempts": 10,
    "min_ms": 63.674294,
    "avg_ms": 66.6681759,
    "max_ms": 74.4422
  },
  "throughput": {
    "duration_ms": 76,
    "bytes_sent": 65536,
    "throughput_mbps": 6.826595378522219
  }
}
