{
  "mode": "wireguard",
  "peer": "10.13.37.5:7700",
  "timestamp": "2026-07-24T05:40:22.825191935+00:00",
  "latency": {
    "probes_sent": 20,
    "probes_ok": 20,
    "min_ms": 126.68302200000001,
    "avg_ms": 133.31162115,
    "max_ms": 138.480348,
    "p50_ms": 133.34984799999998,
    "p95_ms": 138.233885,
    "p99_ms": 138.480348,
    "jitter_ms": 0.6209118947368413
  },
  "setup": {
    "attempts": 10,
    "min_ms": 65.33051900000001,
    "avg_ms": 68.9588148,
    "max_ms": 76.706716
  },
  "throughput": {
    "duration_ms": 78,
    "bytes_sent": 65536,
    "throughput_mbps": 6.6706345318192035
  }
}
