{
  "mode": "wireguard",
  "peer": "10.13.37.1:7700",
  "timestamp": "2026-07-24T00:38:16.009083156+00:00",
  "latency": {
    "probes_sent": 20,
    "probes_ok": 20,
    "min_ms": 51.033907000000006,
    "avg_ms": 57.816966550000004,
    "max_ms": 66.04791,
    "p50_ms": 56.787604,
    "p95_ms": 64.159141,
    "p99_ms": 66.04791,
    "jitter_ms": 0.7902106842105261
  },
  "setup": {
    "attempts": 10,
    "min_ms": 26.770828,
    "avg_ms": 29.370377100000002,
    "max_ms": 31.281140999999998
  },
  "throughput": {
    "duration_ms": 35,
    "bytes_sent": 65536,
    "throughput_mbps": 14.593670811414144
  }
}
