{
  "mode": "wireguard",
  "peer": "10.13.37.1:7700",
  "timestamp": "2026-07-23T20:44:40.149688919+00:00",
  "latency": {
    "probes_sent": 20,
    "probes_ok": 20,
    "min_ms": 50.862711,
    "avg_ms": 59.21134800000001,
    "max_ms": 72.579072,
    "p50_ms": 59.115701,
    "p95_ms": 67.203412,
    "p99_ms": 72.579072,
    "jitter_ms": 1.1429663684210525
  },
  "setup": {
    "attempts": 10,
    "min_ms": 24.829805999999998,
    "avg_ms": 29.538458799999994,
    "max_ms": 33.799069
  },
  "throughput": {
    "duration_ms": 40,
    "bytes_sent": 65536,
    "throughput_mbps": 12.995888267604725
  }
}
