{
  "mode": "wireguard",
  "peer": "10.13.37.1:7700",
  "timestamp": "2026-07-24T03:39:30.816774403+00:00",
  "latency": {
    "probes_sent": 20,
    "probes_ok": 20,
    "min_ms": 50.380655000000004,
    "avg_ms": 58.5359921,
    "max_ms": 64.6999,
    "p50_ms": 58.927479,
    "p95_ms": 63.993469999999995,
    "p99_ms": 64.6999,
    "jitter_ms": 0.7536444736842103
  },
  "setup": {
    "attempts": 10,
    "min_ms": 24.87377,
    "avg_ms": 29.797716399999995,
    "max_ms": 37.604401
  },
  "throughput": {
    "duration_ms": 40,
    "bytes_sent": 65536,
    "throughput_mbps": 12.900610589564508
  }
}
