{
  "mode": "wireguard",
  "peer": "10.13.37.5:7700",
  "timestamp": "2026-07-23T22:44:56.413409348+00:00",
  "latency": {
    "probes_sent": 20,
    "probes_ok": 20,
    "min_ms": 149.88675800000001,
    "avg_ms": 153.10978065,
    "max_ms": 156.124963,
    "p50_ms": 152.948137,
    "p95_ms": 155.924837,
    "p99_ms": 156.124963,
    "jitter_ms": 0.3283265789473681
  },
  "setup": {
    "attempts": 10,
    "min_ms": 74.60499399999999,
    "avg_ms": 76.5576951,
    "max_ms": 77.762333
  },
  "throughput": {
    "duration_ms": 152,
    "bytes_sent": 65536,
    "throughput_mbps": 3.4424334378967147
  }
}
