{
  "mode": "wireguard",
  "peer": "10.13.37.1:7700",
  "timestamp": "2026-07-24T06:40:10.879179170+00:00",
  "latency": {
    "probes_sent": 20,
    "probes_ok": 20,
    "min_ms": 54.894965,
    "avg_ms": 59.29255345,
    "max_ms": 64.57249399999999,
    "p50_ms": 58.821726999999996,
    "p95_ms": 64.237911,
    "p99_ms": 64.57249399999999,
    "jitter_ms": 0.509343631578947
  },
  "setup": {
    "attempts": 10,
    "min_ms": 25.892263,
    "avg_ms": 28.698530000000005,
    "max_ms": 30.165092
  },
  "throughput": {
    "duration_ms": 36,
    "bytes_sent": 65536,
    "throughput_mbps": 14.512779371861015
  }
}
