{
  "mode": "wireguard",
  "peer": "10.13.37.5:7700",
  "timestamp": "2026-07-24T07:40:55.096715262+00:00",
  "latency": {
    "probes_sent": 20,
    "probes_ok": 20,
    "min_ms": 130.326327,
    "avg_ms": 136.0672572,
    "max_ms": 143.164684,
    "p50_ms": 135.93244700000002,
    "p95_ms": 142.58975600000002,
    "p99_ms": 143.164684,
    "jitter_ms": 0.675703
  },
  "setup": {
    "attempts": 10,
    "min_ms": 62.817769999999996,
    "avg_ms": 65.8558114,
    "max_ms": 69.28790599999999
  },
  "throughput": {
    "duration_ms": 154,
    "bytes_sent": 65536,
    "throughput_mbps": 3.387923269167605
  }
}
