{
  "mode": "wireguard",
  "peer": "10.13.37.1:7700",
  "timestamp": "2026-07-24T08:40:49.842541138+00:00",
  "latency": {
    "probes_sent": 20,
    "probes_ok": 20,
    "min_ms": 50.350792,
    "avg_ms": 57.9877606,
    "max_ms": 66.862661,
    "p50_ms": 56.178157,
    "p95_ms": 64.990243,
    "p99_ms": 66.862661,
    "jitter_ms": 0.8690457368421055
  },
  "setup": {
    "attempts": 10,
    "min_ms": 28.397311000000002,
    "avg_ms": 29.7035536,
    "max_ms": 31.028032
  },
  "throughput": {
    "duration_ms": 36,
    "bytes_sent": 65536,
    "throughput_mbps": 14.230269210936717
  }
}
