{
  "mode": "wireguard",
  "peer": "10.13.37.2:7700",
  "timestamp": "2026-07-24T12:43:23.045152415+00:00",
  "latency": {
    "probes_sent": 20,
    "probes_ok": 20,
    "min_ms": 124.794848,
    "avg_ms": 133.24263090000002,
    "max_ms": 137.81850300000002,
    "p50_ms": 133.97164,
    "p95_ms": 137.714538,
    "p99_ms": 137.81850300000002,
    "jitter_ms": 0.6854555263157905
  },
  "setup": {
    "attempts": 10,
    "min_ms": 61.755664,
    "avg_ms": 65.79636930000001,
    "max_ms": 68.002301
  },
  "throughput": {
    "duration_ms": 77,
    "bytes_sent": 65536,
    "throughput_mbps": 6.745017093020984
  }
}
