{
  "mode": "wireguard",
  "peer": "10.13.37.2:7700",
  "timestamp": "2026-07-24T11:42:37.726707465+00:00",
  "latency": {
    "probes_sent": 20,
    "probes_ok": 20,
    "min_ms": 127.03492499999999,
    "avg_ms": 134.99405295,
    "max_ms": 143.21684000000002,
    "p50_ms": 135.35913599999998,
    "p95_ms": 142.941899,
    "p99_ms": 143.21684000000002,
    "jitter_ms": 0.851679736842107
  },
  "setup": {
    "attempts": 10,
    "min_ms": 61.331515,
    "avg_ms": 65.9544467,
    "max_ms": 68.816314
  },
  "throughput": {
    "duration_ms": 71,
    "bytes_sent": 65536,
    "throughput_mbps": 7.286251637481129
  }
}
