{
  "mode": "wireguard",
  "peer": "10.13.37.5:7700",
  "timestamp": "2026-07-24T11:42:46.778642627+00:00",
  "latency": {
    "probes_sent": 20,
    "probes_ok": 20,
    "min_ms": 124.03630799999999,
    "avg_ms": 134.1462436,
    "max_ms": 142.376842,
    "p50_ms": 133.395985,
    "p95_ms": 142.10704099999998,
    "p99_ms": 142.376842,
    "jitter_ms": 0.9652912631578957
  },
  "setup": {
    "attempts": 10,
    "min_ms": 65.843864,
    "avg_ms": 67.3113429,
    "max_ms": 71.688631
  },
  "throughput": {
    "duration_ms": 153,
    "bytes_sent": 65536,
    "throughput_mbps": 3.414201754220935
  }
}
