{
  "mode": "wireguard",
  "peer": "10.13.37.2:7700",
  "timestamp": "2026-07-24T06:40:19.796017101+00:00",
  "latency": {
    "probes_sent": 20,
    "probes_ok": 20,
    "min_ms": 127.498632,
    "avg_ms": 133.98994105000003,
    "max_ms": 137.532326,
    "p50_ms": 134.176609,
    "p95_ms": 137.1222,
    "p99_ms": 137.532326,
    "jitter_ms": 0.5280891578947374
  },
  "setup": {
    "attempts": 10,
    "min_ms": 64.399471,
    "avg_ms": 67.50685669999999,
    "max_ms": 71.76043299999999
  },
  "throughput": {
    "duration_ms": 83,
    "bytes_sent": 65536,
    "throughput_mbps": 6.304424478547048
  }
}
