{
  "mode": "wireguard",
  "peer": "10.13.37.5:7700",
  "timestamp": "2026-07-24T10:42:07.567308474+00:00",
  "latency": {
    "probes_sent": 20,
    "probes_ok": 20,
    "min_ms": 129.95255799999998,
    "avg_ms": 136.12035,
    "max_ms": 145.682369,
    "p50_ms": 136.56043300000002,
    "p95_ms": 141.40939999999998,
    "p99_ms": 145.682369,
    "jitter_ms": 0.8278847894736848
  },
  "setup": {
    "attempts": 10,
    "min_ms": 65.623066,
    "avg_ms": 68.40495289999998,
    "max_ms": 73.491772
  },
  "throughput": {
    "duration_ms": 76,
    "bytes_sent": 65536,
    "throughput_mbps": 6.847466112462416
  }
}
