{
  "mode": "wireguard",
  "peer": "10.13.37.1:7700",
  "timestamp": "2026-07-24T01:38:38.058158519+00:00",
  "latency": {
    "probes_sent": 20,
    "probes_ok": 20,
    "min_ms": 50.542063,
    "avg_ms": 55.9530254,
    "max_ms": 64.279769,
    "p50_ms": 55.842290000000006,
    "p95_ms": 60.413597,
    "p99_ms": 64.279769,
    "jitter_ms": 0.723037157894737
  },
  "setup": {
    "attempts": 10,
    "min_ms": 24.575449,
    "avg_ms": 30.9903525,
    "max_ms": 52.812771
  },
  "throughput": {
    "duration_ms": 31,
    "bytes_sent": 65536,
    "throughput_mbps": 16.51172594001757
  }
}
