{
  "mode": "wireguard",
  "peer": "10.13.37.5:7700",
  "timestamp": "2026-07-23T23:38:24.325463352+00:00",
  "latency": {
    "probes_sent": 20,
    "probes_ok": 20,
    "min_ms": 130.59458199999997,
    "avg_ms": 135.92745305,
    "max_ms": 144.213453,
    "p50_ms": 134.95826599999998,
    "p95_ms": 142.75223200000002,
    "p99_ms": 144.213453,
    "jitter_ms": 0.716782684210527
  },
  "setup": {
    "attempts": 10,
    "min_ms": 60.759265,
    "avg_ms": 65.835239,
    "max_ms": 69.624082
  },
  "throughput": {
    "duration_ms": 144,
    "bytes_sent": 65536,
    "throughput_mbps": 3.636448406587736
  }
}
