{
  "mode": "wireguard",
  "peer": "10.13.37.1:7700",
  "timestamp": "2026-07-24T11:42:28.808604377+00:00",
  "latency": {
    "probes_sent": 20,
    "probes_ok": 20,
    "min_ms": 50.578489999999995,
    "avg_ms": 57.31566595,
    "max_ms": 72.732418,
    "p50_ms": 56.469567999999995,
    "p95_ms": 60.262371,
    "p99_ms": 72.732418,
    "jitter_ms": 1.1659962105263157
  },
  "setup": {
    "attempts": 10,
    "min_ms": 22.93291,
    "avg_ms": 29.474857799999995,
    "max_ms": 35.525850999999996
  },
  "throughput": {
    "duration_ms": 36,
    "bytes_sent": 65536,
    "throughput_mbps": 14.486063965932463
  }
}
