{
  "mode": "wireguard",
  "peer": "10.13.37.6:7700",
  "timestamp": "2026-07-23T22:45:05.366378261+00:00",
  "latency": {
    "probes_sent": 20,
    "probes_ok": 20,
    "min_ms": 127.068239,
    "avg_ms": 136.08917304999994,
    "max_ms": 146.173356,
    "p50_ms": 136.460687,
    "p95_ms": 145.37514900000002,
    "p99_ms": 146.173356,
    "jitter_ms": 1.0055324736842108
  },
  "setup": {
    "attempts": 10,
    "min_ms": 64.070054,
    "avg_ms": 69.3320832,
    "max_ms": 76.00858600000001
  },
  "throughput": {
    "duration_ms": 78,
    "bytes_sent": 65536,
    "throughput_mbps": 6.7196300471257695
  }
}
