{
  "mode": "wireguard",
  "peer": "10.13.37.5:7700",
  "timestamp": "2026-07-23T21:37:37.980677220+00:00",
  "latency": {
    "probes_sent": 20,
    "probes_ok": 20,
    "min_ms": 126.528524,
    "avg_ms": 134.18693745000002,
    "max_ms": 138.875275,
    "p50_ms": 134.667694,
    "p95_ms": 138.66260499999999,
    "p99_ms": 138.875275,
    "jitter_ms": 0.6498289999999991
  },
  "setup": {
    "attempts": 10,
    "min_ms": 65.662327,
    "avg_ms": 68.34325369999999,
    "max_ms": 71.486657
  },
  "throughput": {
    "duration_ms": 77,
    "bytes_sent": 65536,
    "throughput_mbps": 6.780947715976318
  }
}
