{
  "mode": "wireguard",
  "peer": "10.13.37.1:7700",
  "timestamp": "2026-07-23T21:37:20.121588350+00:00",
  "latency": {
    "probes_sent": 20,
    "probes_ok": 20,
    "min_ms": 55.069503,
    "avg_ms": 60.16732305000001,
    "max_ms": 67.492061,
    "p50_ms": 60.090444,
    "p95_ms": 65.06123,
    "p99_ms": 67.492061,
    "jitter_ms": 0.6538188421052636
  },
  "setup": {
    "attempts": 10,
    "min_ms": 27.022748,
    "avg_ms": 28.9104263,
    "max_ms": 30.080193
  },
  "throughput": {
    "duration_ms": 28,
    "bytes_sent": 65536,
    "throughput_mbps": 18.432959377932622
  }
}
