{
  "mode": "wireguard",
  "peer": "10.13.37.1:7700",
  "timestamp": "2026-07-24T04:40:00.076942530+00:00",
  "latency": {
    "probes_sent": 20,
    "probes_ok": 20,
    "min_ms": 50.132919,
    "avg_ms": 57.101169000000006,
    "max_ms": 63.282743,
    "p50_ms": 56.671877,
    "p95_ms": 60.254470999999995,
    "p99_ms": 63.282743,
    "jitter_ms": 0.6920960000000002
  },
  "setup": {
    "attempts": 10,
    "min_ms": 27.396734,
    "avg_ms": 29.661205699999993,
    "max_ms": 32.254389
  },
  "throughput": {
    "duration_ms": 44,
    "bytes_sent": 65536,
    "throughput_mbps": 11.78361356073014
  }
}
