{
  "mode": "wireguard",
  "peer": "10.13.37.1:7700",
  "timestamp": "2026-07-24T12:43:14.161448010+00:00",
  "latency": {
    "probes_sent": 20,
    "probes_ok": 20,
    "min_ms": 54.740066,
    "avg_ms": 58.21517325,
    "max_ms": 63.645644000000004,
    "p50_ms": 58.989331,
    "p95_ms": 61.660399999999996,
    "p99_ms": 63.645644000000004,
    "jitter_ms": 0.46871463157894766
  },
  "setup": {
    "attempts": 10,
    "min_ms": 23.188835,
    "avg_ms": 28.431219099999993,
    "max_ms": 30.663013
  },
  "throughput": {
    "duration_ms": 36,
    "bytes_sent": 65536,
    "throughput_mbps": 14.423690630147307
  }
}
