{
  "mode": "wireguard",
  "peer": "10.13.37.1:7700",
  "timestamp": "2026-07-24T10:41:49.553864252+00:00",
  "latency": {
    "probes_sent": 20,
    "probes_ok": 20,
    "min_ms": 51.266364,
    "avg_ms": 57.47258530000001,
    "max_ms": 63.18827,
    "p50_ms": 57.616444,
    "p95_ms": 62.502703000000004,
    "p99_ms": 63.18827,
    "jitter_ms": 0.6274687368421052
  },
  "setup": {
    "attempts": 10,
    "min_ms": 27.104236,
    "avg_ms": 29.617903599999998,
    "max_ms": 32.392203
  },
  "throughput": {
    "duration_ms": 40,
    "bytes_sent": 65536,
    "throughput_mbps": 12.956054666263372
  }
}
