{
  "mode": "wireguard",
  "peer": "10.13.37.1:7700",
  "timestamp": "2026-07-24T05:40:04.867097550+00:00",
  "latency": {
    "probes_sent": 20,
    "probes_ok": 20,
    "min_ms": 51.197416000000004,
    "avg_ms": 59.27391035000001,
    "max_ms": 63.840858,
    "p50_ms": 59.617567,
    "p95_ms": 62.803599,
    "p99_ms": 63.840858,
    "jitter_ms": 0.6654443157894733
  },
  "setup": {
    "attempts": 10,
    "min_ms": 23.922276999999998,
    "avg_ms": 29.017857999999997,
    "max_ms": 31.909584999999996
  },
  "throughput": {
    "duration_ms": 36,
    "bytes_sent": 65536,
    "throughput_mbps": 14.536709080466256
  }
}
