{
  "mode": "wireguard",
  "peer": "10.13.37.2:7700",
  "timestamp": "2026-07-24T05:40:13.865153475+00:00",
  "latency": {
    "probes_sent": 20,
    "probes_ok": 20,
    "min_ms": 125.551134,
    "avg_ms": 134.53634119999998,
    "max_ms": 140.40713499999998,
    "p50_ms": 135.721591,
    "p95_ms": 139.698959,
    "p99_ms": 140.40713499999998,
    "jitter_ms": 0.7818947894736831
  },
  "setup": {
    "attempts": 10,
    "min_ms": 65.72349,
    "avg_ms": 67.91041349999999,
    "max_ms": 76.054544
  },
  "throughput": {
    "duration_ms": 77,
    "bytes_sent": 65536,
    "throughput_mbps": 6.797024735591241
  }
}
