{
  "mode": "wireguard",
  "peer": "10.13.37.5:7700",
  "timestamp": "2026-07-24T03:39:48.647336516+00:00",
  "latency": {
    "probes_sent": 20,
    "probes_ok": 20,
    "min_ms": 127.12473599999998,
    "avg_ms": 133.84798695,
    "max_ms": 143.201456,
    "p50_ms": 134.21676599999998,
    "p95_ms": 138.788362,
    "p99_ms": 143.201456,
    "jitter_ms": 0.846143157894738
  },
  "setup": {
    "attempts": 10,
    "min_ms": 59.572331,
    "avg_ms": 65.7744093,
    "max_ms": 68.19129
  },
  "throughput": {
    "duration_ms": 73,
    "bytes_sent": 65536,
    "throughput_mbps": 7.139321540587284
  }
}
