{
  "mode": "wireguard",
  "peer": "10.13.37.2:7700",
  "timestamp": "2026-07-24T04:40:12.522491550+00:00",
  "latency": {
    "probes_sent": 20,
    "probes_ok": 20,
    "min_ms": 124.969567,
    "avg_ms": 132.2191926,
    "max_ms": 136.68286700000002,
    "p50_ms": 133.296914,
    "p95_ms": 136.202403,
    "p99_ms": 136.68286700000002,
    "jitter_ms": 0.6164894736842115
  },
  "setup": {
    "attempts": 10,
    "min_ms": 63.699082000000004,
    "avg_ms": 67.02288810000002,
    "max_ms": 69.268755
  },
  "throughput": {
    "duration_ms": 77,
    "bytes_sent": 65536,
    "throughput_mbps": 6.7954538552653405
  }
}
