{
  "mode": "wireguard",
  "peer": "10.13.37.5:7700",
  "timestamp": "2026-07-24T01:38:55.874480700+00:00",
  "latency": {
    "probes_sent": 20,
    "probes_ok": 20,
    "min_ms": 130.652764,
    "avg_ms": 134.78925769999998,
    "max_ms": 147.127946,
    "p50_ms": 133.968107,
    "p95_ms": 138.29641900000001,
    "p99_ms": 147.127946,
    "jitter_ms": 0.8671148421052641
  },
  "setup": {
    "attempts": 10,
    "min_ms": 62.006871999999994,
    "avg_ms": 66.00221760000001,
    "max_ms": 69.500203
  },
  "throughput": {
    "duration_ms": 75,
    "bytes_sent": 65536,
    "throughput_mbps": 6.924527003565889
  }
}
