{
  "mode": "wireguard",
  "peer": "10.13.37.5:7700",
  "timestamp": "2026-07-24T06:40:28.760066455+00:00",
  "latency": {
    "probes_sent": 20,
    "probes_ok": 20,
    "min_ms": 128.04953799999998,
    "avg_ms": 135.1026712,
    "max_ms": 139.05953200000002,
    "p50_ms": 135.91761599999998,
    "p95_ms": 137.97166199999998,
    "p99_ms": 139.05953200000002,
    "jitter_ms": 0.5794733684210545
  },
  "setup": {
    "attempts": 10,
    "min_ms": 64.090408,
    "avg_ms": 67.1567519,
    "max_ms": 71.799126
  },
  "throughput": {
    "duration_ms": 80,
    "bytes_sent": 65536,
    "throughput_mbps": 6.47914018223002
  }
}
