{
  "mode": "wireguard",
  "peer": "10.13.37.2:7700",
  "timestamp": "2026-07-24T00:38:24.932277221+00:00",
  "latency": {
    "probes_sent": 20,
    "probes_ok": 20,
    "min_ms": 132.28347200000002,
    "avg_ms": 135.71532945,
    "max_ms": 142.284724,
    "p50_ms": 135.88028599999998,
    "p95_ms": 142.216122,
    "p99_ms": 142.284724,
    "jitter_ms": 0.526381684210526
  },
  "setup": {
    "attempts": 10,
    "min_ms": 63.623816,
    "avg_ms": 66.47406759999998,
    "max_ms": 68.454324
  },
  "throughput": {
    "duration_ms": 78,
    "bytes_sent": 65536,
    "throughput_mbps": 6.668284999688518
  }
}
