{
  "mode": "wireguard",
  "peer": "10.13.37.2:7700",
  "timestamp": "2026-07-23T21:37:29.039833074+00:00",
  "latency": {
    "probes_sent": 20,
    "probes_ok": 20,
    "min_ms": 127.50206899999999,
    "avg_ms": 134.50534045,
    "max_ms": 138.076914,
    "p50_ms": 134.819427,
    "p95_ms": 137.98387400000001,
    "p99_ms": 138.076914,
    "jitter_ms": 0.556570789473684
  },
  "setup": {
    "attempts": 10,
    "min_ms": 63.872930999999994,
    "avg_ms": 66.5980764,
    "max_ms": 70.89622399999999
  },
  "throughput": {
    "duration_ms": 75,
    "bytes_sent": 65536,
    "throughput_mbps": 6.9020791610376175
  }
}
