{
  "mode": "wireguard",
  "peer": "10.13.37.5:7700",
  "timestamp": "2026-07-24T12:54:14.501959216+00:00",
  "latency": {
    "probes_sent": 50,
    "probes_ok": 50,
    "min_ms": 150.38886200000002,
    "avg_ms": 154.8652603,
    "max_ms": 161.05384899999999,
    "p50_ms": 154.431858,
    "p95_ms": 158.09063500000002,
    "p99_ms": 161.05384899999999,
    "jitter_ms": 0.2176527959183667
  },
  "setup": {
    "attempts": 10,
    "min_ms": 75.020044,
    "avg_ms": 77.32239009999999,
    "max_ms": 80.355474
  },
  "throughput": {
    "duration_us": 80566,
    "duration_ms": 80.566999,
    "bytes_sent": 65536,
    "throughput_mbps": 6.507478328688897
  }
}
