{
  "mode": "wireguard",
  "peer": "10.13.37.2:7700",
  "timestamp": "2026-07-24T09:41:26.771870419+00:00",
  "latency": {
    "probes_sent": 20,
    "probes_ok": 20,
    "min_ms": 127.40393499999999,
    "avg_ms": 133.6703791,
    "max_ms": 142.029475,
    "p50_ms": 133.684669,
    "p95_ms": 138.77276999999998,
    "p99_ms": 142.029475,
    "jitter_ms": 0.7697652631578947
  },
  "setup": {
    "attempts": 10,
    "min_ms": 64.429653,
    "avg_ms": 66.5118115,
    "max_ms": 68.66570700000001
  },
  "throughput": {
    "duration_ms": 76,
    "bytes_sent": 65536,
    "throughput_mbps": 6.851352141960339
  }
}
