{
  "mode": "wireguard",
  "peer": "10.13.37.1:7700",
  "timestamp": "2026-07-23T23:38:06.418213962+00:00",
  "latency": {
    "probes_sent": 20,
    "probes_ok": 20,
    "min_ms": 54.10872500000001,
    "avg_ms": 57.941680500000004,
    "max_ms": 64.221569,
    "p50_ms": 58.699061,
    "p95_ms": 61.605986,
    "p99_ms": 64.221569,
    "jitter_ms": 0.5322549473684208
  },
  "setup": {
    "attempts": 10,
    "min_ms": 28.154462000000002,
    "avg_ms": 29.667828300000004,
    "max_ms": 30.508248000000002
  },
  "throughput": {
    "duration_ms": 36,
    "bytes_sent": 65536,
    "throughput_mbps": 14.27984595607459
  }
}
