{
  "mode": "wireguard",
  "peer": "10.13.37.1:7700",
  "timestamp": "2026-07-24T09:41:17.884180215+00:00",
  "latency": {
    "probes_sent": 20,
    "probes_ok": 20,
    "min_ms": 54.941404999999996,
    "avg_ms": 60.96802534999999,
    "max_ms": 69.36120899999999,
    "p50_ms": 60.638616,
    "p95_ms": 69.163844,
    "p99_ms": 69.36120899999999,
    "jitter_ms": 0.7589370526315785
  },
  "setup": {
    "attempts": 10,
    "min_ms": 26.077069,
    "avg_ms": 29.4012134,
    "max_ms": 32.465227999999996
  },
  "throughput": {
    "duration_ms": 36,
    "bytes_sent": 65536,
    "throughput_mbps": 14.345222857576887
  }
}
